{"mean": [0.5232452288725405, 0.7540535157353841, -2.0740436859743664e-09, 0.5241145350658022, 0.7107071782264985, -0.014336648676367414, 0.5242119787798157, 0.648964066048772, -0.024407757871172178, 0.5251377799482727, 0.6025647682295339, -0.035834295560325566, 0.5264353134679494, 0.5744316860358584, -0.04560712646797041, 0.5219504211888076, 0.5722606175454985, -0.01141068963977031, 0.5218912400993382, 0.5209053142953307, -0.03408874864111831, 0.5225637633952825, 0.5197135901181515, -0.048377248255594876, 0.5229820416716466, 0.5198622555473179, -0.055919724212237565, 0.5216827571824437, 0.5773012270802383, -0.017139621576903758, 0.5222080624248512, 0.5295559499447213, -0.0421777989332122, 0.5233766812058642, 0.5456705018752398, -0.05165871689054544, 0.524159481381559, 0.5530956336739168, -0.053617044410578955, 0.5221035656240497, 0.5950192039908465, -0.0259030609091662, 0.5226348542289062, 0.5580967978270938, -0.05092457139910042, 0.5239421085546132, 0.5862076743730205, -0.050438454625754, 0.524489063311802, 0.6030502883966143, -0.044182820328328654, 0.5227155372385046, 0.6207091085201472, -0.036180694700681165, 0.5239760688058127, 0.5891968153171807, -0.05250143108226634, 0.5249975531330356, 0.5960652581109577, -0.05027372345417877, 0.525382680008991, 0.5982418866327319, -0.04493872221019968], "std": [0.24524216750275657, 0.11511025642930228, 3.9653304212827757e-07, 0.2016068260611013, 0.11271332029374119, 0.01407457576068865, 0.1721938947049581, 0.1144358085496867, 0.020011547531233496, 0.16760799325785344, 0.12145362250954925, 0.025348977057771175, 0.17749621442624333, 0.12884405327773357, 0.0313054726387581, 0.19284478546115874, 0.1305294866853893, 0.025119745534461387, 0.17707942547380576, 0.14113932558338604, 0.03138446368293962, 0.1721932283740253, 0.14182323269204247, 0.03478014396223499, 0.17245973883396343, 0.1512948161742658, 0.03718173401989018, 0.2189509664169125, 0.13490959432059987, 0.024936135184499386, 0.20075652266441227, 0.14814532108417663, 0.030885062829660435, 0.19460383012906185, 0.14635030722093154, 0.030446252691326642, 0.19505536782636393, 0.15531653134853857, 0.030768233815548524, 0.24449872210535592, 0.13823497586356617, 0.025008604249373297, 0.2289826334886563, 0.1503212449625579, 0.02951510339878689, 0.2210975142294274, 0.14152769503611523, 0.02684636778437113, 0.2205832129455042, 0.1416248396263424, 0.02712147611431643, 0.26934535259758974, 0.1408461651118452, 0.026700184269232024, 0.2565570669379859, 0.15097377403253875, 0.029806223656905113, 0.24950271202984647, 0.15101711137782287, 0.028553877845251624, 0.24887289581840405, 0.1564330806605648, 0.028842617658647506]}